Nombre Tabla|Tipo|Campos|Descripcion|Resultado
#temp_eComerceExportaArt|TEMPORAL (CREATE TABLE)|Created_date DATETIME; sku VARCHAR(25); attribute_set_code VARCHAR(100); product_type VARCHAR(20); categories VARCHAR(max); product_websites VARCHAR(20); name VARCHAR(max); description VARCHAR(max); weight FLOAT; product_online INT; tax_class_name VARCHAR(10); visibility VARCHAR(30); price MONEY; special_price MONEY; special_price_from_date DATETIME; special_price_to_date DATETIME; price_installments MONEY; price_twelve MONEY; price_eighteen MONEY; url_key VARCHAR(300); base_image VARCHAR(300); small_image VARCHAR(300); thumbnail_image VARCHAR(300); additional_attributes VARCHAR(max); qty INT; configurable_variations VARCHAR(100); bundle_price_type VARCHAR(20); bundle_sku_type VARCHAR(20); bundle_price_view VARCHAR(20); bundle_weight_type VARCHAR(20); bundle_values VARCHAR(max); bundle_shipment_type VARCHAR(20); meta_title VARCHAR(500); meta_keywords VARCHAR(500); meta_description VARCHAR(500); oferta INT; ahorro_cotorro INT; exclusivo_online INT; descuento INT; related_skus VARCHAR(250); crosssell_skus VARCHAR(250); upsell_skus VARCHAR(250)|Tabla temporal principal que almacena los articulos procesados con toda la estructura del CSV de exportacion para Magento/MA. Se llena con el INSERT principal (linea 2508) uniendo articulos validados con precios y propiedades.|Contiene los articulos simples listos para exportar. Se usa para actualizar (UPDATE) y crear nuevos (INSERT) en eComerceExportaArt. Se trunca despues de la sincronizacion.
#Listadoarticulos|TEMPORAL (SELECT INTO)|Articulo; Nombrecorto; Nombrelargoe; Familia; Linea; Marcae; Estatus; existencia; preciocont (Precio); Preciocred; Descripcion1; Volumetrico; rtipo (Tipo); MetaPalabras1E; MetaDescripcion1E; list3|Listado base de articulos elegibles. Se obtiene de Art con filtros: Estatus ALTA/BLOQUEADO; sip_productos con estatus_propiedad concluido y fotografia CONCLUIDO; Solo_SELP=0; excluye familias/lineas bloqueadas; VENTA; MERCANCIA DE LINEA; no Servicio/Juego; no VIST. JOIN con PropreListaDFinal para precios contado y credito (suc 0 y 90). JOIN con Condicion (TipoCondicion=Contado; Condicion=CONTADO MA). JOIN con VTASCCondicionesCredVtaLinea para regla 1393 (precio credito INM 12M).|Primera tabla del flujo. Es el universo completo de articulos candidatos con precios. Se usa como base para derivar #articulosIEMay; #articulos; #ArticulosPromocion; precios y categorias.
#articulosIEMay|TEMPORAL (SELECT INTO)|Articulo; familia_intelisis; linea_intelisis; IE; May|Identifica articulos con propiedades especiales: IE (Import Elite) cuando valor=ELITE ESPECIAL; MAYORISTA cuando valor!=0; OUTLET cuando valor=SI. Se obtiene de items_propiedad + familia_propiedad + catalogo_propiedad + catalogo_valores_posibles JOIN con #Listadoarticulos.|Marca articulos como IE/MAYORISTA/OUTLET para que viajen independientemente de existencia o para asignar existencia=200. Se usa en #articulos para determinar exclusivoweb y existencia virtual.
#AlmacenesPrincipales|TEMPORAL (CREATE TABLE)|Almacen VARCHAR(10); Cantidad INT; Almacenes INT|Almacenes principales configurados en TablaStd con TablaSt=DM0285AlmacenPrincipal. Se insertan con GROUP BY Nombre y Valor.|Parametriza los almacenes principales para las reglas de existencia. Se usa para validar disponibilidad de articulos en almacenes principales.
#DisponiblePorAlmacenP|TEMPORAL (CREATE TABLE)|Articulo VARCHAR(10); Disponible INT; Almacen VARCHAR(10)|Articulos disponibles en almacenes principales. Se llena con ArtDisponible JOIN #AlmacenesPrincipales donde Disponible >= Cantidad configurada.|Contiene la disponibilidad real de cada articulo en almacenes principales. Se usa en las reglas de existencia para determinar si el articulo puede viajar a la tienda virtual.
#AlmacenesSecundarios|TEMPORAL (CREATE TABLE)|Almacen VARCHAR(10); Cantidad INT; Almacenes INT|Almacenes secundarios configurados en TablaStd con TablaSt=DM0285AlmacenesSecundarios.|Parametriza almacenes secundarios para reglas de existencia complementarias.
#AlmacenesRespaldo|TEMPORAL (CREATE TABLE)|Almacen VARCHAR(10); Cantidad INT; Almacenes INT|Almacenes de respaldo configurados en TablaStd con TablaSt=DM0285AlmacenRespaldo.|Parametriza almacenes de respaldo como capa adicional de validacion de existencia.
#DisponiblePorAlmacenSReglaUno|TEMPORAL (CREATE TABLE)|Articulo VARCHAR(10); Disponible INT; Almacen VARCHAR(10)|Disponibilidad en almacenes secundarios segun Regla 1 (VTASCReglasEcommerce IdReglasEcommerce=1).|Valida articulos con existencia segun parametros de la regla 1 en almacenes secundarios.
#DisponiblePorAlmacenSReglaDos|TEMPORAL (CREATE TABLE)|Articulo VARCHAR(10); Disponible INT; Almacen VARCHAR(10)|Disponibilidad en almacenes secundarios segun Regla 2 (VTASCReglasEcommerce IdReglasEcommerce=2).|Valida articulos con existencia segun parametros de la regla 2 (aplica para no-muebles como motocicletas y lineas especificas).
#DisponiblePorAlmacenSReglaTres|TEMPORAL (CREATE TABLE)|Articulo VARCHAR(10); Disponible INT; Almacen VARCHAR(10)|Disponibilidad en almacenes secundarios segun Regla 3 (VTASCReglasEcommerce IdReglasEcommerce=3).|Valida articulos CALZADO con existencia segun parametros de la regla 3.
#DisponiblePorAlmacenSReglaCuatro|TEMPORAL (CREATE TABLE)|Articulo VARCHAR(10); Disponible INT; Almacen VARCHAR(10)|Disponibilidad en almacenes secundarios segun Regla 4 (VTASCReglasEcommerce IdReglasEcommerce=4).|Valida articulos MUEBLES o ClaveMES=52 con existencia segun parametros de la regla 4.
#DisponiblePorAlmacenSReglaCinco|TEMPORAL (CREATE TABLE)|Articulo VARCHAR(10); Disponible INT; Almacen VARCHAR(10)|Disponibilidad en almacenes secundarios segun Regla 5 (VTASCReglasEcommerce IdReglasEcommerce=5).|Valida articulos BLOQUEADO con -Q- en descripcion segun parametros de la regla 5.
#DisponiblePorAlmacenSReglaSeis|TEMPORAL (CREATE TABLE)|Articulo VARCHAR(10); Disponible INT; Almacen VARCHAR(10)|Disponibilidad en almacenes secundarios segun Regla 6 (VTASCReglasEcommerce IdReglasEcommerce=6).|Valida articulos BLOQUEADO sin -Q- en descripcion segun parametros de la regla 6.
#DisponiblePorAlmacenSReglaUnoRespaldo|TEMPORAL (CREATE TABLE)|Articulo VARCHAR(10); Disponible INT; Almacen VARCHAR(10)|Disponibilidad en almacenes de respaldo segun Regla 1.|Capa de respaldo para la regla 1 en almacenes de respaldo.
#DisponiblePorAlmacenSReglaDosRespaldo|TEMPORAL (CREATE TABLE)|Articulo VARCHAR(10); Disponible INT; Almacen VARCHAR(10)|Disponibilidad en almacenes de respaldo segun Regla 2.|Capa de respaldo para la regla 2 en almacenes de respaldo.
#DisponiblePorAlmacenSReglaTresRespaldo|TEMPORAL (CREATE TABLE)|Articulo VARCHAR(10); Disponible INT; Almacen VARCHAR(10)|Disponibilidad en almacenes de respaldo segun Regla 3.|Capa de respaldo para la regla 3 en almacenes de respaldo.
#DisponiblePorAlmacenSReglaCuatroRespaldo|TEMPORAL (CREATE TABLE)|Articulo VARCHAR(10); Disponible INT; Almacen VARCHAR(10)|Disponibilidad en almacenes de respaldo segun Regla 4.|Capa de respaldo para la regla 4 en almacenes de respaldo.
#DisponiblePorAlmacenSReglaCincoRespaldo|TEMPORAL (CREATE TABLE)|Articulo VARCHAR(10); Disponible INT; Almacen VARCHAR(10)|Disponibilidad en almacenes de respaldo segun Regla 5.|Capa de respaldo para la regla 5 en almacenes de respaldo.
#DisponiblePorAlmacenSReglaSeisRespaldo|TEMPORAL (CREATE TABLE)|Articulo VARCHAR(10); Disponible INT; Almacen VARCHAR(10)|Disponibilidad en almacenes de respaldo segun Regla 6.|Capa de respaldo para la regla 6 en almacenes de respaldo.
#DisponiblePorAlmacenSReglaSieteRespaldo|TEMPORAL (CREATE TABLE)|Articulo VARCHAR(10); Disponible INT; Almacen VARCHAR(10)|Disponibilidad en almacenes de respaldo segun Regla 7.|Capa de respaldo para la regla 7 (OUTLET) en almacenes de respaldo.
#articulos|TEMPORAL (SELECT INTO)|Articulo; Descripcion1; NombreCorto; Nombrelargoe; Familia; Linea; MarcaE; Estatus; existencia; Volumetrico; MetaPalabras1E; MetaDescripcion1E; exclusivoweb|Articulos que cumplen TODAS las reglas de existencia combinadas. Se genera desde #Listadoarticulos JOIN con tablas de almacenes y reglas. La existencia se ajusta: si IE o MAYORISTA se pone 200; si no tiene existencia se pone 0. exclusivoweb=1 si es IE o MAYORISTA. Se eliminan los que no tienen foto optimizada (ecommerceactualizarimagenes + SCM_Art_imagen con Orden=1).|Universo final de articulos validos con existencia validada. Se usa para: INSERT en #temp_eComerceExportaArt; generacion de propiedades; configurables; cross-sell; up-sell.
#ArticulosPromocion|TEMPORAL (SELECT INTO)|articulo; SuperPromo; PrecioMapCIva|Articulos en promocion. Se obtiene de #Listadoarticulos JOIN PropreListaDFinal donde UEN=1 y Oferta=S. SuperPromo=1 cuando campo SuperPromo=S. PrecioMapCIva viene de PlaneadorMacroMAVIJOB.|Identifica articulos en oferta y superpromocion para categorizacion especial y calculo de precios de referencia.
#Superpromo|TEMPORAL (SELECT INTO)|articulo; SuperPromo; preciomayor; RutaCat|Articulos en superpromocion. Se toma el MAX entre PrecioMapCIva y PrecioRef de condicion 'Contado / Apartado MA TC P UNI'. RutaCat fijo: 'Default Category/PROMOCIONES/PROMOCIONES MA'.|Agrega la ruta de categoria de superpromocion a los articulos que aplican. Se concatena con las categorias normales en #FamLinCat.
#CarruselCategoria|TEMPORAL (CREATE TABLE)|ID INT; MultipleCategoria BIT; NumeroCategorias INT; Articulo VARCHAR(20); Categoria VARCHAR(max)|Categorias de carrusel para los articulos. Se obtiene de COMSDSIPCarrusel JOIN COMSCSIPCategorias (UEN=1). Se concatenan multiples categorias por articulo usando un WHILE loop. Ruta: Default Category/CARRUSELES/MA/[Categoria].|Agrega rutas de carrusel a las categorias del articulo. Se concatena en #FamLinCat y se usa para actualizar/remover categorias de carrusel en articulos sin existencia.
#Hallazgos|TEMPORAL (CREATE TABLE)|ID INT IDENTITY; Articulo VARCHAR(20)|Articulos que tienen mas de una categoria de carrusel asociada. Se usa como auxiliar para el WHILE loop que concatena las categorias.|Tabla auxiliar para iterar y concatenar multiples categorias de carrusel por articulo.
#precio_propre|TEMPORAL (SELECT INTO)|Articulo; Familia; PrecioRef; Precio; precsuc90; Sucursal|Precios de contado por articulo. Se obtiene de #Listadoarticulos LEFT JOIN PropreListaDFinal con condicion='Contado / Apartado MA' y UEN=1. precsuc90 es el precio cuando Sucursal=90.|Precios base de contado por sucursal. Se usa para derivar #precioart.
#precioart|TEMPORAL (SELECT INTO)|articulo; Familia; precioref; precio; precsuc90; Sucursal|Consolidacion de precios de #precio_propre. UNION de precios minimos de contado con precios minimos de sucursal 90.|Precios consolidados por articulo. Se usa para derivar #precio_precioesp90 y #precio_precioesp0.
#PorcSobrePrecio|TEMPORAL (SELECT INTO)|Tipo; Familia; Porcentaje; uen|Porcentajes sobre precio desde eCommercePorcSobrePrecio (UEN=1). Maneja dos tipos: NORMAL (ref=2) y PROGRAMADO (ref=1 con rango de fechas). Se toma orden=1 (prioridad a PROGRAMADO si esta vigente).|Porcentajes de sobreprecio para calcular precios de referencia. Define el precio mostrado vs precio especial.
#precio_precioesp90|TEMPORAL (SELECT INTO)|ROW; Articulo; Sucursal; precio; precioespecial; Oferta|Precios de articulos en sucursal 90. precio = MAX entre PrecioMapCIva y precio contado. precioespecial = precio contado cuando PrecioMapCIva > precio. Oferta=1 cuando PrecioRef > precio y PrecioRef > 0; se ajusta a 0 si PrecioMapCIva = precio.|Precios con precio especial (oferta) para sucursal 90. Se usa en la union para #precio_precioesp.
#precio_precioesp0|TEMPORAL (SELECT INTO)|ROW; Articulo; Sucursal; precio; precioespecial; Oferta|Precios de articulos en sucursal 0 que NO existen en sucursal 90. Misma logica de precio/precioespecial que #precio_precioesp90.|Precios con precio especial para sucursal 0 (complemento de suc 90). Se usa en la union para #precio_precioesp.
#precio_precioesp|TEMPORAL (SELECT INTO)|Articulo; Sucursal; Precio; precioespecial; oferta|Union de #precio_precioesp90 (ROW=1) y #precio_precioesp0 (ROW=1). Un solo registro por articulo con el precio definitivo.|Precio final por articulo: precio de venta y precio especial (oferta). Se usa en el INSERT principal a #temp_eComerceExportaArt; en excluidos; en control de categoria y en updates a eComerceExportaArt.
#propsgeneral|TEMPORAL (SELECT INTO)|Articulo; Propiedad; Valor; NombreSet; nvalor|Propiedades generales de articulos: MARCA (para no-muebles); OPERADORA (celulares con sublinea); Product_Control (true/false desde VTASCProductoControl). JOIN con eCommerceSetPropiedades para obtener NombreSet.|Propiedades que no vienen del SIP sino de logica general del negocio. Se combinan con propiedades SIP en #artprops.
#artprops|TEMPORAL (SELECT INTO)|Articulo; Propiedad; NombreSet; valor; nvalor; nprop; PropiedadSIP; origen|Todas las propiedades de los articulos combinadas: SIP (items_propiedad + familia_propiedad + eCommerceSetPropiedades + catalogo_propiedad con AtributoMagento) y generales (#propsgeneral). Se valida contra TcWDM0285_AtributosdeMagento y TcWDM0285_AtribMgtoValorLista. Incluye logica especial para color_filtro y color. Se agregan propiedades de color omitiendo regla de valores de lista cuando tiene color_filtro.|Tabla central de propiedades por articulo. Se usa para: generar #SETprop (additional_attributes); validar total de propiedades (Totprops>=1); configurables (#PropConfig); category_control; color_filtro.
#SETprop|TEMPORAL (CREATE TABLE)|Articulo VARCHAR(25); NombreSet VARCHAR(50); SetProp VARCHAR(max)|Propiedades concatenadas por articulo en formato Magento (propiedad=valor;propiedad=valor...). Se genera via SQL dinamico (EXEC) que pivota y concatena las propiedades de #artprops.|additional_attributes del CSV. Se actualiza con category_control=true/false. Se usa en el INSERT principal a #temp_eComerceExportaArt.
#categ|TEMPORAL (SELECT INTO)|Articulo; LinIntelisis; ruta|Categorias de Magento por articulo. Se obtiene de eCommerceRelCatMagentoIntelisis (UEN=1) JOIN con #Listadoarticulos. Maneja lineas virtuales via eCommerceIntNivelVirtual y Prop (SUBLINEA).|Rutas de categorias por articulo. Se transforma en #categFinal para concatenar multiples categorias.
#categFinal|TEMPORAL (SELECT INTO)|Articulo; Ruta; ncat|Categorias finales con numeracion (ROW_NUMBER). Incluye union de: categorias de segundo nivel (para articulos con oferta) y todas las categorias normales de #categ.|Categorias numeradas para concatenacion. Se usa via SQL dinamico para generar #FamLinCat.
#FamLinCat|TEMPORAL (CREATE TABLE)|Articulo VARCHAR(20); Categorias VARCHAR(max)|Categorias concatenadas finales por articulo. Se genera via SQL dinamico (EXEC) que pivota y concatena las rutas de #categFinal. Incluye concatenacion de #Superpromo.RutaCat y #CarruselCategoria.Categoria.|Campo categories del CSV. Se usa en el INSERT principal y en actualizaciones de categorias para articulos sin existencia.
#controlcategoria|TEMPORAL (SELECT INTO)|Precio; Ruta; nivel; id|Categorias de control de precio alto. Se obtiene de VTASCCategoriasControl JOIN eCommerceCatMagento JOIN eCommerceRelCatMagentoIntelisis (UEN=2).|Identifica categorias donde los articulos superan cierto precio para marcarlos como category_control=true.
#controlcategoriafinal|TEMPORAL (SELECT INTO)|Articulo (DISTINCT)|Articulos finales que aplican para category_control=true. Se determina comparando el precio del articulo (#precio_precioesp) contra el precio de la categoria (#controlcategoria). El articulo debe tener el atributo category_control en su NombreSet (TcWDM0285_AtributosdeMagento).|Lista definitiva de articulos con category_control=true. Se usa para UPDATE a #SETprop y a eComerceExportaArt (hijos configurables).
#sinsetocat|TEMPORAL (SELECT INTO)|articulo|Articulos que son parte de paquetes/juegos (ARTJUEGO/ARTJUEGOD) pero no tienen categoria (#FamLinCat) o propiedades (#SETprop). Se detectan como opcion de juegos existentes en #articulos.|Se TRUNCA inmediatamente (linea 2506) porque no se envian paquetes. Originalmente permitia enviar articulos sin set o categoria si eran parte de un juego.
#excluidos|TEMPORAL (SELECT INTO)|sku; qty; Descripcion1; Estatus; familia; linea; IE|Articulos que estan activos en eComerceExportaArt (product_online=1; muebles_america; simple) pero NO aparecen en #temp_eComerceExportaArt (ya no califican). Incluye propiedad IE para distinguir Import Elite.|Se usa para: poner qty=0 y product_online=2 (o 1 si tiene BackOrder); remover categorias de carrusel; desactivar articulos que ya no cumplen requisitos.
#exc_conexist|TEMPORAL (SELECT INTO)|sku|Subconjunto de #excluidos que AUN tienen existencia segun las reglas (existencia96Tot; Sucs_local). Considera las mismas reglas que #articulos pero usando la tabla eCommerceExist directamente.|Articulos excluidos que tienen existencia. Si ce.sku IS NOT NULL -> se desactivan completamente (product_online=2). Si ce.sku IS NULL -> se ponen como agotados (qty=0; product_online depende de BackOrder).
#artsvisibles|TEMPORAL (CREATE TABLE)|id INT IDENTITY; articulo VARCHAR(20); familia VARCHAR(100); linea VARCHAR(100); preciocontado MONEY|Articulos visibles en la tienda (product_online=1; muebles_america; simple; con existencia en #articulos). Precio es special_price si vigente; sino price. Se ordenan aleatoriamente (NEWID).|Base para calcular Up-Sell y Cross-Sell. Contiene articulos activos con su precio efectivo.
#ArticulosUpsell|TEMPORAL (CREATE TABLE)|id INT; articulo VARCHAR(20); familia VARCHAR(100); linea VARCHAR(100); preciocontado MONEY; upsale VARCHAR(20); precioupsale MONEY; orden INT|Upsells regla 1: articulos relacionados de la misma familia+linea con precio MAYOR al articulo principal. ROW_NUMBER particionado por articulo; ordenado por precio ascendente. Hasta 8 upsales.|Se insertan en eComerceMarketing (TipoRelacion=Upsale; UEN=1). Se concatenan hasta 8 SKUs separados por coma.
#ArticulosUpsell2|TEMPORAL (CREATE TABLE)|id INT; articulo VARCHAR(20); familia VARCHAR(100); linea VARCHAR(100); preciocontado MONEY; upsale VARCHAR(20); precioupsale MONEY; orden INT|Upsells regla 2: articulos de la misma familia+linea con precio MENOR. Solo para articulos que NO tienen upsales de regla 1. Hasta 2 upsales.|Complementa upsales para articulos sin alternativas de mayor precio. Se insertan en eComerceMarketing.
#ArticulosCrossP|TEMPORAL (CREATE TABLE)|articulo VARCHAR(25); familia VARCHAR(50); linea VARCHAR(50); cantidad INT; precio MONEY|Cross-Sell padres: articulos con relaciones de familia-linea configuradas en eCommerceLineasRelacion. Precio es special_price si vigente; sino price.|Define las relaciones padre-hijo para cross-sell segun configuracion de familias y lineas relacionadas.
#ArticulosCrossF|TEMPORAL (CREATE TABLE)|articulo VARCHAR(25); preciop MONEY; relacionado VARCHAR(25); precior MONEY; familia VARCHAR(50); linea VARCHAR(50); cantidad INT; orden INT|Cross-Sell generales: todos los articulos relacionados con su precio. ROW_NUMBER particionado por articulo+familia+linea. Relaciona #ArticulosCrossP con #articulos de la familia-linea relacionada.|Todos los candidatos a cross-sell con orden. Se filtra despues segun numero de familias-lineas y rango de precios.
#ArticulosCrossH|TEMPORAL (CREATE TABLE)|articulo VARCHAR(25); preciop MONEY; relacionado VARCHAR(25); precior MONEY; familia VARCHAR(50); linea VARCHAR(50); cantidad INT; orden INT|Cross-Sell dentro del rango de precios: re-numeracion de #ArticulosCrossF por articulo+familia+linea.|Cross-sell filtrado por precio. Se usa para determinar cuantos cross-sell tomar segun numero de familias-lineas relacionadas.
#ArtFamLin|TEMPORAL (CREATE TABLE)|articulo VARCHAR(25); Familia VARCHAR(50); Linea VARCHAR(50)|Familias-Lineas distintas por articulo en cross-sell. Se llena de #ArticulosCrossH.|Auxiliar para contar cuantas familias-lineas distintas tiene cada articulo en cross-sell (1; 2 o >=3).
#ArtCrossEsp|TEMPORAL (CREATE TABLE)|Articulo VARCHAR(25); Relacionado VARCHAR(25); Familia VARCHAR(50); Linea VARCHAR(50); Orden INT|Cross-Sell especificos finales. Se llena con: 3 arts si 1 familia-linea; 1 por familia-linea si 2; TOP 3 si >=3. Tambien incluye arts fuera del rango de precios (1 con precio menor y 1 con precio mayor).|Cross-sell definitivos. Se insertan en eComerceMarketing (TipoRelacion=Related; UEN=1). Se concatenan hasta 3 SKUs. Se actualizan related_skus y crosssell_skus en eComerceExportaArt.
#ArtFamLin1|TEMPORAL (CREATE TABLE)|Id INT IDENTITY; Articulo VARCHAR(25)|Articulos con exactamente 2 familias-lineas en cross-sell. Se usa para iterar en WHILE loop y tomar 1 articulo por familia-linea (2 total).|Auxiliar para el WHILE loop de cross-sell con 2 relaciones de familia-linea.
#ArtFamLin2|TEMPORAL (CREATE TABLE)|Id INT IDENTITY; Articulo VARCHAR(25)|Articulos con 3 o mas familias-lineas en cross-sell. Se usa para iterar en WHILE loop y tomar TOP 3.|Auxiliar para el WHILE loop de cross-sell con 3+ relaciones de familia-linea.
#configurables|TEMPORAL (SELECT INTO)|sku; Familia; Linea; Alta; Fabricante; price; qty; MarcaE; LineaE; ModeloE; PropArt; Propiedad (ModeloE); ArticuloPadre ('1'+ArticuloPadre de VTASRConfigurablesFamLineaProp); Talla; Orden (ROW_NUMBER); indice (DENSE_RANK)|Articulos configurables. Se obtiene de eComerceExportaArt (product_online=1; muebles_america) JOIN Art JOIN VTASRConfigurablesFamLineaProp (Activo=1) por Familia+Linea+Fabricante+Modelo. Se eliminan: region R6 celulares; padres con menos de 2 hijos; sin propiedad configurable. PropArt se actualiza con valor de #PropNombreConf.|Define los grupos de productos configurables con sus hijos. Se usa para generar #configvariat; #SKUprops; #ArticuloPadre.
#PropNombreConf|TEMPORAL (CREATE TABLE)|FamiliaIntelisis VARCHAR(50); PropiedadIntelisis VARCHAR(50)|Propiedades para nombrar configurables. Se obtiene de TablaStd con TablaSt=PropiedadParaNombreConfigurable.|Mapeo familia->propiedad para construir el nombre del articulo padre configurable (ejemplo: marca+modelo+propiedad).
#PropConfig|TEMPORAL (SELECT INTO)|SKU; Propiedad|Propiedades configurables por SKU hijo. Se obtiene de #configurables JOIN VTASRAgrupaFamLineaProp (Activo=1) JOIN VTASDAgrupaFamLineaPropConf JOIN #artprops.|Identifica que propiedades hacen configurable a cada hijo. Se usa para separar PropConfig (configurable) de SetProp (no configurable) en #SKUprops.
#SKUprops|TEMPORAL (CREATE TABLE)|SKU VARCHAR(25); NombreSet VARCHAR(50); SetProp VARCHAR(max); PropConfig VARCHAR(max)|Propiedades de cada SKU hijo separadas en: SetProp (propiedades NO configurables) y PropConfig (propiedades configurables ej: color; talla). Se genera via SQL dinamico (EXEC).|SetProp -> additional_attributes del hijo (visibility=Not Visible Individually). PropConfig -> se usa para configurable_variations del padre.
#configvariat|TEMPORAL (CREATE TABLE)|ArticuloPadre VARCHAR(25); SetPropHijos VARCHAR(max)|Variaciones configurables concatenadas. Formato: sku=SKU1;prop1=val1;prop2=val2 PIPE sku=SKU2;prop1=val1... Se genera via SQL dinamico (EXEC).|Campo configurable_variations del articulo padre. Contiene todos los hijos con sus propiedades configurables separados por pipes.
#ArticuloPadre|TEMPORAL (SELECT INTO)|sku (ArticuloPadre); attribute_set_code; product_type=configurable; categories; product_websites; name (MarcaE+LineaE+ModeloE); description; weight=vacio; product_online; tax_class_name; visibility=catalog search; price; special_price; special_price_from/to_date; price_installments/twelve/eighteen; url_key; base/small/thumbnail_image; additional_attributes (SetProp); qty=0; configurable_variations (SetPropHijos); bundle_*; meta_*; oferta; ahorro_cotorro; exclusivo_online; descuento; related/crosssell/upsell_skus; ref_hijo; familia; MarcaE; LineaE; ModeloE; linea; PropArt|Articulo padre configurable final. Se toma del hijo primario (ROW_NUMBER por Talla ASC; Price ASC; Alta ASC; qty DESC donde qty>0). Hereda precios; categorias; meta del hijo primario.|Se usa para INSERT/UPDATE en eComerceExportaArt como product_type=configurable. Los hijos se actualizan con visibility=Not Visible Individually.
#ListaDePrioridad|TEMPORAL (SELECT INTO)|Familia; Linea; Codigo; Orden|Listas de prioridad para ordenamiento. Se obtiene de COMSCListaPrioridadEcommerce JOIN COMSDListaPrioridad donde FechaInicio<=hoy<=FechaFin y UEN=1. Orden se recalcula con ROW_NUMBER particionado por Familia+Linea.|Define el orden de prioridad por codigo de articulo dentro de familia-linea. Se usa en el posicionamiento final.
#TempTop10|TEMPORAL (SELECT INTO)|Articulo; Totart; familia; linea; Row1|Top 10 articulos mas vendidos en los ultimos 30 dias por familia-linea. Se obtiene de Venta (UEN=1; FACTURA; CONCLUIDO; FechaEmision > -30 dias) JOIN VentaD JOIN eComerceExportaArt (activo; con existencia) JOIN Art. Solo se crea en temporada normal (no especial).|Se usa en el posicionamiento: los articulos del top 10 obtienen prioridad en el ordenamiento dentro de temporada normal.
#posicionamiento|TEMPORAL (CREATE TABLE)|sku VARCHAR(25); posicion INT|Posicion final de cada articulo en la tienda. TEMPORADA NORMAL: ROW_NUMBER ORDER BY product_online ASC; p (agotado) ASC; esPrioridad DESC; esTop DESC; price ASC. TEMPORADA ESPECIAL: ROW_NUMBER ORDER BY product_online ASC; p ASC; esPrioridad DESC; oferta DESC; Descuento DESC; price ASC.|Se actualiza el campo position en eComerceExportaArt. Determina el orden de aparicion de los productos en la pagina web.
#Region6_ECOMERCEEXPORTAART|TEMPORAL (SELECT INTO)|sku|Articulos con region R6 (tipo=region) y LineaE=CELULAR. Se obtiene de eComerceExportaArt JOIN prop JOIN art.|Se usa para desactivar (product_online=2) articulos de celulares con region 6 en eComerceExportaArt.
eComerceExportaArt|PERMANENTE (Intelisis)|Created_date; sku; attribute_set_code; product_type; categories; product_websites; name; description; weight; product_online; tax_class_name; visibility; price; special_price; special_price_from_date; special_price_to_date; price_installments; price_twelve; price_eighteen; url_key; base_image; small_image; thumbnail_image; additional_attributes; qty; configurable_variations; bundle_price_type; bundle_sku_type; bundle_price_view; bundle_weight_type; bundle_values; bundle_shipment_type; meta_title; meta_keywords; meta_description; oferta; ahorro_cotorro; exclusivo_online; descuento; related_skus; crosssell_skus; upsell_skus; Ultimo_Cambio; referencia_hijo; position; PrecioVisible|Tabla principal de exportacion de articulos para eCommerce. Almacena todos los articulos (simples y configurables) con su informacion completa para generacion del CSV de Magento. product_websites=muebles_america para MA.|Destino final de todo el proceso. Se actualiza con precios; se desactivan excluidos; se insertan nuevos; se actualizan configurables; se actualiza posicion. El SELECT final genera el CSV de salida.
eComerceMarketing|PERMANENTE (Intelisis)|Articulo; TipoRelacion; Relacionados; UEN|Tabla de relaciones de marketing entre articulos. TipoRelacion: Upsale o Related. Relacionados: SKUs concatenados separados por coma. UEN=1 para MA.|Se borra y recrea en cada ejecucion (DELETE + INSERT). Se usa para actualizar upsell_skus; related_skus y crosssell_skus en eComerceExportaArt.
Art|PERMANENTE (Intelisis)|Articulo; Descripcion1; NombreCorto; Nombrelargoe; Familia; Linea; MarcaE; Estatus; Volumetrico; Tipo; MetaPalabras1E; MetaDescripcion1E; Categoria; Grupo; Fabricante; LineaE; ModeloE; Alta; IncluyeVineta|Catalogo maestro de articulos de Intelisis.|Fuente principal de datos de articulos. Se consulta multiples veces a lo largo del SP.
ArtLinea|PERMANENTE (Intelisis)|Linea; ID; ArtTipoDecoracionMavi|Catalogo de lineas de articulos.|Se usa para filtrar por ID de linea especifico (625-630 para regla 2) y para ArtTipoDecoracionMavi (decoracion mavi 0 o 1).
ArtFam|PERMANENTE (Intelisis)|Familia; ClaveMES|Catalogo de familias de articulos.|Se usa para filtrar por ClaveMES (52 para muebles; 18;73;74;75;93 para celulares).
ArtDisponible|PERMANENTE (Intelisis)|Articulo; Disponible; Almacen|Disponibilidad de articulos por almacen.|Fuente de datos de existencia. Se consulta para llenar todas las tablas #DisponiblePorAlmacen*.
sip_productos|PERMANENTE (Intelisis)|Articulo; Estatus_propiedad; estatus_fotografia; Solo_SELP|Productos del SIP (Sistema de Informacion de Productos).|Filtro inicial: solo articulos con propiedad=concluido; fotografia=CONCLUIDO y Solo_SELP=0.
sip_excluir_productos|PERMANENTE (Intelisis)|Excluir; Tipoexclusion (CODIGO/MARCA/INICIALES); MA|Productos excluidos del eCommerce.|Excluye articulos por codigo exacto; marca o iniciales del codigo. MA=1 para Muebles America.
excluir_familia_linea|PERMANENTE (Intelisis)|Familia; Linea; MA|Familias-lineas excluidas del eCommerce.|Excluye familias-lineas completas. MA=1 para Muebles America.
eCommerceExist|PERMANENTE (Intelisis)|articulo; existencia; existencia96Tot; Sucs_local_1_exist; Sucs_local_2_exist; Sucs_local_3_exist|Existencias calculadas para eCommerce.|Existencia total y por tipo de sucursal. Se usa en reglas de existencia de #articulos y #exc_conexist.
PropreListaDFinal|PERMANENTE (Intelisis)|articulo; Precio; PrecioRef; Condicion; Sucursal; UEN; Oferta; SuperPromo; lista|Precios finales por condicion de venta.|Fuente de precios de contado; credito; oferta. Se consulta multiples veces con diferentes condiciones.
Condicion|PERMANENTE (Intelisis)|PROPREGrupo; TipoCondicion; Condicion|Catalogo de condiciones de precio.|Filtra condiciones de tipo Contado con Condicion=CONTADO MA.
VTASCCondicionesCredVtaLinea|PERMANENTE (Intelisis)|CondicionPropre; Mensualidades; TiendaVirtual|Condiciones de credito para venta en linea.|Regla 1393: valida que el articulo tenga precio de credito INM 12M para Muebles America.
VTASCReglasEcommerce|PERMANENTE (Intelisis)|IdReglasEcommerce; AlmacenesPrincipales; AlmacenesSecundarios; AlmacenesSecundariosDos; AlmacenRespaldo; ArtPorAlmacenPrincipal; ArtPorAlmacenSecundario; ArtPorAlmacenSecundarioDos; ArtPorAlmacenRespaldo|Parametros de reglas de existencia para eCommerce.|Define los umbrales de existencia por regla (1-7). Cada regla se aplica a un tipo de articulo diferente.
TablaStd|PERMANENTE (Intelisis)|TablaSt; Nombre; Valor|Tabla estandar de configuracion de Intelisis.|Se usa para: almacenes principales (DM0285AlmacenPrincipal); secundarios (DM0285AlmacenesSecundarios); respaldo (DM0285AlmacenRespaldo); propiedad para nombre configurable (PropiedadParaNombreConfigurable).
items_propiedad|PERMANENTE (Intelisis)|Articulo; Id_fam_prop; Valor_posible; valor|Propiedades de articulos del SIP.|Fuente de propiedades por articulo. Se consulta para IE/MAYORISTA/OUTLET y para propiedades de Magento.
familia_propiedad|PERMANENTE (Intelisis)|Id; Propiedad; Familia_Intelisis; Linea_Intelisis; familia_intelisis; linea_intelisis; Estatus; ocultar; Imprime_Etiqueta; Abierto|Propiedades por familia-linea del SIP.|Mapeo de propiedades a familias-lineas. Se usa junto con catalogo_propiedad.
catalogo_propiedad|PERMANENTE (Intelisis)|Id; Propiedad; AtributoMagento|Catalogo de propiedades del SIP.|Define el mapeo propiedad SIP -> AtributoMagento. Se usa para filtrar propiedades relevantes.
catalogo_valores_posibles|PERMANENTE (Intelisis)|Id; Valor|Valores posibles de propiedades.|Valores predefinidos para las propiedades. Se usa para IE=ELITE ESPECIAL; MAYORISTA!=0; OUTLET=SI.
eCommerceSetPropiedades|PERMANENTE (Intelisis)|IdFamPropiedad; Familia; Linea; UEN; NombreSet|Conjuntos de propiedades para eCommerce.|Define el NombreSet (attribute_set_code) por familia-linea-UEN. UEN IN (MA; todas).
eCommercePorcSobrePrecio|PERMANENTE (Intelisis)|Tipo; Familia; Porcentaje; uen; Tipoporc; Fechainicio; FechaFin; HoraInicio; HoraFin|Porcentajes sobre precio para eCommerce.|Porcentajes NORMAL y PROGRAMADO para calcular precios de referencia.
eCommerceRelCatMagentoIntelisis|PERMANENTE (Intelisis)|FamIntelisis; LinIntelisis; LinVirtual; ruta; UEN; PNM; SNM; TNM|Relacion categorias Magento - Intelisis.|Mapeo familia+linea de Intelisis a rutas de categorias de Magento.
eCommerceIntNivelVirtual|PERMANENTE (Intelisis)|NivelVirtual|Niveles virtuales de eCommerce.|Identifica lineas que tienen sublineas virtuales.
ecommercefamilialineaesp|PERMANENTE (Intelisis)|Familia; Linea; uen|Familias-lineas con reglas especiales de existencia.|Define excepciones a las reglas de existencia generales.
ecommerceactualizarimagenes|PERMANENTE (Intelisis)|Articulo; Imagen; estatus|Imagenes de articulos para eCommerce.|Verifica que el articulo tenga imagen optimizada no eliminada.
SCM_Art_imagen|PERMANENTE (Intelisis)|Imagen; Valor; Orden|Imagenes de articulos con orden de prioridad.|Filtra por Orden=1 (imagen principal). Se cruza con ecommerceactualizarimagenes.
TcWDM0285_AtributosdeMagento|PERMANENTE (Intelisis)|NombreSEt; Atributo; ValordeLista|Atributos de Magento configurados.|Valida que las propiedades sean atributos validos del set de Magento.
TcWDM0285_AtribMgtoValorLista|PERMANENTE (Intelisis)|Atributo; Valor|Valores de lista de atributos de Magento.|Valida que los valores de propiedades existan en la lista de valores de Magento.
Familias_validas_tdavirtual|PERMANENTE (Intelisis)|Familia; pagina|Familias validas para tienda virtual.|Filtra solo familias habilitadas para MUEBLES AMERICA.
PlaneadorMacroMAVIJOB|PERMANENTE (Intelisis)|Codigo; PrecioMapCIva; Estatus; BackOrder|Planeador macro de MAVI.|PrecioMapCIva para precios de referencia. BackOrder para mostrar articulos agotados con backorder.
VTASCProductoControl|PERMANENTE (Intelisis)|Articulo|Productos de alto riesgo.|Marca articulos como product_control=true.
VTASCCategoriasControl|PERMANENTE (Intelisis)|Categoria; Precio; nivel|Categorias con control de precio.|Define umbral de precio por categoria para category_control.
eCommerceCatMagento|PERMANENTE (Intelisis)|Id; Categoria|Catalogo de categorias de Magento.|Mapeo ID -> Categoria de Magento.
eCommerceLineasRelacion|PERMANENTE (Intelisis)|Familia; Linea; FamiliaRelacionada; LineaRelacionada; Cantidad|Relaciones entre familias-lineas para cross-sell.|Define que familias-lineas son cross-sell de otras.
Prop|PERMANENTE (Intelisis)|Cuenta; Tipo; Propiedad|Propiedades generales de articulos.|Se usa para SUBLINEA (operadora; nivel virtual) y region (R6).
ArtJuego|PERMANENTE (Intelisis)|Articulo; Juego|Articulos tipo juego/paquete.|Relaciona articulos padre-juego.
ArtJuegoD|PERMANENTE (Intelisis)|Articulo; Juego; Opcion|Detalle de juegos/paquetes.|Detalle de los componentes del juego.
VTASRConfigurablesFamLineaProp|PERMANENTE (Intelisis)|Familia; Linea; Fabricante; Modelo; ArticuloPadre; Activo|Configuracion de productos configurables.|Define la agrupacion: que familia+linea+fabricante+modelo forman un grupo configurable y su ArticuloPadre.
VTASRAgrupaFamLineaProp|PERMANENTE (Intelisis)|Familia; Linea; Activo; IDAgrupaFamLineaprop|Agrupacion por familia-linea para propiedades configurables.|Define que familias-lineas tienen propiedades configurables.
VTASDAgrupaFamLineaPropConf|PERMANENTE (Intelisis)|IDAgrupaFamLineaprop; PropiedadSip|Detalle de propiedades configurables por agrupacion.|Define que propiedades del SIP son configurables (ej: color; talla).
COMSCListaPrioridadEcommerce|PERMANENTE (Intelisis)|IdListaPrioridadEcommerce; FechaInicio; FechaFin; UEN|Listas de prioridad para ordenamiento eCommerce.|Define periodos de vigencia de listas de prioridad por UEN.
COMSDListaPrioridad|PERMANENTE (Intelisis)|IdListaPrioridadEcommerce; Familia; Linea; Codigo; Orden|Detalle de listas de prioridad.|Articulos especificos con su orden de prioridad dentro de familia-linea.
TcWDM0285_ECommerceTemporada|PERMANENTE (Intelisis)|ID; uen; FECHAINICIO; FECHAFIN|Temporadas de eCommerce.|Determina si es temporada especial o normal para el ordenamiento.
COMSCSIPCategorias|PERMANENTE (Intelisis)|IdSIPCategorias; Categoria|Categorias del SIP para carruseles.|Catalogo de categorias para asignar a carruseles.
COMSDSIPCarrusel|PERMANENTE (Intelisis)|Articulo; IdCategoria; UEN|Detalle de carruseles.|Asigna articulos a categorias de carrusel por UEN.
Venta|PERMANENTE (Intelisis)|ID; UEN; Mov; FechaEmision; Estatus|Encabezado de ventas.|Se usa para el Top 10 de articulos mas vendidos (FACTURA; CONCLUIDO; ultimos 30 dias; UEN=1).
VentaD|PERMANENTE (Intelisis)|ID; Articulo; Cantidad|Detalle de ventas.|Detalle de articulos vendidos para el Top 10.
VTASCPlantillaHTMLSEO|PERMANENTE (Intelisis)|Html|Plantilla HTML para SEO.|Se aplica a la descripcion cuando IncluyeVineta=1 en Art. Reemplaza 'description' y 'ARTICULO' en el template.
Familias_validas_tdavirtual|PERMANENTE (Intelisis)|Familia; pagina|Familias validas para tienda virtual.|Filtra solo familias habilitadas para pagina=MUEBLES AMERICA.
